"qrt","region","operation","avg_days","n"
2020-01-01,"All regions","Gallstones",40.1557692307692,520
2020-04-01,"All regions","Gallstones",46.1879518072289,415
2020-07-01,"All regions","Gallstones",47.1975308641975,486
2020-10-01,"All regions","Gallstones",41.3777777777778,585
2021-01-01,"All regions","Gallstones",44.532416502947,509
2021-04-01,"All regions","Gallstones",43.9963099630996,542
2021-07-01,"All regions","Gallstones",55.4563953488372,344
2021-10-01,"All regions","Gallstones",52.8239795918367,392
2022-01-01,"All regions","Gallstones",63.6206261510129,543
2022-04-01,"All regions","Gallstones",60.4482225656878,647
2022-07-01,"All regions","Gallstones",59.8150406504065,492
2022-10-01,"All regions","Gallstones",63.4903536977492,622
2023-01-01,"All regions","Gallstones",56.3042876901798,723
2023-04-01,"All regions","Gallstones",52.3426883308715,677
2023-07-01,"All regions","Gallstones",55.8007054673721,567
2023-10-01,"All regions","Gallstones",54.9219512195122,820
2024-01-01,"All regions","Gallstones",46.2510176390773,737
2024-04-01,"All regions","Gallstones",45.667496886675,803
2024-07-01,"All regions","Gallstones",41.0819672131148,610
2024-10-01,"All regions","Gallstones",42.5375375375375,666
2025-01-01,"All regions","Gallstones",38.2601918465228,834
2020-01-01,"All regions","Hernia",50.9148211243612,1174
2020-04-01,"All regions","Hernia",70.8380952380952,735
2020-07-01,"All regions","Hernia",63.5623800383877,1042
2020-10-01,"All regions","Hernia",60.5267930750206,1213
2021-01-01,"All regions","Hernia",69.6941694169417,909
2021-04-01,"All regions","Hernia",66.3716038562664,1141
2021-07-01,"All regions","Hernia",72.8371278458844,571
2021-10-01,"All regions","Hernia",73.5253012048193,830
2022-01-01,"All regions","Hernia",82.6964795432921,1051
2022-04-01,"All regions","Hernia",74.998352553542,1214
2022-07-01,"All regions","Hernia",76.2741116751269,985
2022-10-01,"All regions","Hernia",74.3626126126126,1332
2023-01-01,"All regions","Hernia",85.9083200847907,1887
2023-04-01,"All regions","Hernia",77.4926958831341,1506
2023-07-01,"All regions","Hernia",71.6598263614838,1267
2023-10-01,"All regions","Hernia",76.319391634981,1578
2024-01-01,"All regions","Hernia",76.9504531722054,1655
2024-04-01,"All regions","Hernia",74.8881706528765,1547
2024-07-01,"All regions","Hernia",68.5647451963241,1197
2024-10-01,"All regions","Hernia",72.2323166774822,1541
2025-01-01,"All regions","Hernia",67.2984650369528,1759
2020-01-01,"All regions","Hip replacement",59.0164752870694,2003
2020-04-01,"All regions","Hip replacement",81.2002861230329,1398
2020-07-01,"All regions","Hip replacement",81.3758865248227,1974
2020-10-01,"All regions","Hip replacement",63.3371569029087,2441
2021-01-01,"All regions","Hip replacement",65.3906581740977,1884
2021-04-01,"All regions","Hip replacement",58.147878268324,2333
2021-07-01,"All regions","Hip replacement",69.4654510556622,1042
2021-10-01,"All regions","Hip replacement",72.6592214422463,1567
2022-01-01,"All regions","Hip replacement",86.50634765625,2048
2022-04-01,"All regions","Hip replacement",86,2211
2022-07-01,"All regions","Hip replacement",86.9508907077516,2077
2022-10-01,"All regions","Hip replacement",77.045306122449,2450
2023-01-01,"All regions","Hip replacement",73.3930961606199,2839
2023-04-01,"All regions","Hip replacement",66.5461658841941,2556
2023-07-01,"All regions","Hip replacement",64.6714953271028,2140
2023-10-01,"All regions","Hip replacement",65.9414208558371,2407
2024-01-01,"All regions","Hip replacement",66.7819732034105,2463
2024-04-01,"All regions","Hip replacement",57.2250658637561,2657
2024-07-01,"All regions","Hip replacement",56.1260770975057,2205
2024-10-01,"All regions","Hip replacement",49.1255090707145,2701
2025-01-01,"All regions","Hip replacement",48.0371466140697,3042
2020-01-01,"All regions","Knee replacement",70.3406924234822,1993
2020-04-01,"All regions","Knee replacement",97.6701570680628,1337
2020-07-01,"All regions","Knee replacement",95.6327387198321,1906
2020-10-01,"All regions","Knee replacement",81.9911894273128,2497
2021-01-01,"All regions","Knee replacement",83.6196793808734,1809
2021-04-01,"All regions","Knee replacement",72.3649388959123,2373
2021-07-01,"All regions","Knee replacement",86.37564499484,969
2021-10-01,"All regions","Knee replacement",91.6165680473373,1690
2022-01-01,"All regions","Knee replacement",101.696146245059,2024
2022-04-01,"All regions","Knee replacement",106.661837748344,2416
2022-07-01,"All regions","Knee replacement",109.9057187017,1941
2022-10-01,"All regions","Knee replacement",105.830865159782,2566
2023-01-01,"All regions","Knee replacement",95.3396477234962,3009
2023-04-01,"All regions","Knee replacement",93.2533849129594,2585
2023-07-01,"All regions","Knee replacement",89.772327626099,2161
2023-10-01,"All regions","Knee replacement",88.8171735241503,2795
2024-01-01,"All regions","Knee replacement",83.7426568758344,2996
2024-04-01,"All regions","Knee replacement",76.8308270676692,2926
2024-07-01,"All regions","Knee replacement",70.8741171582883,2407
2024-10-01,"All regions","Knee replacement",64.5489534098582,2962
2025-01-01,"All regions","Knee replacement",60.1932352020044,3193
2020-01-01,"All regions","Meniscus",34.6110283159463,671
2020-04-01,"All regions","Meniscus",45.4756637168142,452
2020-07-01,"All regions","Meniscus",46.7549575070822,706
2020-10-01,"All regions","Meniscus",37.4251012145749,741
2021-01-01,"All regions","Meniscus",41.8387596899225,645
2021-04-01,"All regions","Meniscus",36.557463672391,757
2021-07-01,"All regions","Meniscus",37.8629441624365,394
2021-10-01,"All regions","Meniscus",45.3577712609971,682
2022-01-01,"All regions","Meniscus",51.4828042328042,756
2022-04-01,"All regions","Meniscus",43.8503311258278,755
2022-07-01,"All regions","Meniscus",46.3031746031746,630
2022-10-01,"All regions","Meniscus",45.6546666666667,750
2023-01-01,"All regions","Meniscus",42.9631901840491,978
2023-04-01,"All regions","Meniscus",40.0684754521964,774
2023-07-01,"All regions","Meniscus",43.7641509433962,636
2023-10-01,"All regions","Meniscus",41.7302204928664,771
2024-01-01,"All regions","Meniscus",45.9289044289044,858
2024-04-01,"All regions","Meniscus",39.2171779141104,815
2024-07-01,"All regions","Meniscus",39.997138769671,699
2024-10-01,"All regions","Meniscus",39.4353205849269,889
2025-01-01,"All regions","Meniscus",43.4130434782609,874
2020-01-01,"Capital","Gallstones",44.6618705035971,139
2020-04-01,"Capital","Gallstones",52.5378151260504,119
2020-07-01,"Capital","Gallstones",52.9411764705882,119
2020-10-01,"Capital","Gallstones",50.4071856287425,167
2021-01-01,"Capital","Gallstones",63.8053097345133,113
2021-04-01,"Capital","Gallstones",59.3384615384615,130
2021-07-01,"Capital","Gallstones",72.3114754098361,61
2021-10-01,"Capital","Gallstones",61.3285714285714,70
2022-01-01,"Capital","Gallstones",90.9237288135593,118
2022-04-01,"Capital","Gallstones",84.6140350877193,114
2022-07-01,"Capital","Gallstones",71.6435643564356,101
2022-10-01,"Capital","Gallstones",94.5918367346939,147
2023-01-01,"Capital","Gallstones",66.5988700564972,177
2023-04-01,"Capital","Gallstones",59.6190476190476,147
2023-07-01,"Capital","Gallstones",56.4237288135593,118
2023-10-01,"Capital","Gallstones",65.2255319148936,235
2024-01-01,"Capital","Gallstones",50.7076923076923,195
2024-04-01,"Capital","Gallstones",44.7209302325581,215
2024-07-01,"Capital","Gallstones",41.4525547445255,137
2024-10-01,"Capital","Gallstones",47.1320754716981,159
2025-01-01,"Capital","Gallstones",46.2333333333333,210
2020-01-01,"Capital","Hernia",60.1362530413625,411
2020-04-01,"Capital","Hernia",85.4900662251656,302
2020-07-01,"Capital","Hernia",76.4872448979592,392
2020-10-01,"Capital","Hernia",81.4682713347921,457
2021-01-01,"Capital","Hernia",97.806916426513,347
2021-04-01,"Capital","Hernia",92.468085106383,423
2021-07-01,"Capital","Hernia",93.1578947368421,171
2021-10-01,"Capital","Hernia",104.835390946502,243
2022-01-01,"Capital","Hernia",112.193548387097,279
2022-04-01,"Capital","Hernia",105.614886731392,309
2022-07-01,"Capital","Hernia",89.1760563380282,284
2022-10-01,"Capital","Hernia",90.6787330316742,442
2023-01-01,"Capital","Hernia",117.751252086811,599
2023-04-01,"Capital","Hernia",94.3807615230461,499
2023-07-01,"Capital","Hernia",80.3892773892774,429
2023-10-01,"Capital","Hernia",78.9794168096055,583
2024-01-01,"Capital","Hernia",74.8610108303249,554
2024-04-01,"Capital","Hernia",80.2272727272727,528
2024-07-01,"Capital","Hernia",60.1980440097799,409
2024-10-01,"Capital","Hernia",75.3444881889764,508
2025-01-01,"Capital","Hernia",68.1122807017544,570
2020-01-01,"Capital","Hip replacement",72.028,500
2020-04-01,"Capital","Hip replacement",98.4670846394984,319
2020-07-01,"Capital","Hip replacement",100.959051724138,464
2020-10-01,"Capital","Hip replacement",79.4226804123711,582
2021-01-01,"Capital","Hip replacement",79.5346062052506,419
2021-04-01,"Capital","Hip replacement",72.4236983842011,557
2021-07-01,"Capital","Hip replacement",79.3316582914573,199
2021-10-01,"Capital","Hip replacement",92.0466472303207,343
2022-01-01,"Capital","Hip replacement",103.706382978723,470
2022-04-01,"Capital","Hip replacement",104.066098081023,469
2022-07-01,"Capital","Hip replacement",100.212464589235,353
2022-10-01,"Capital","Hip replacement",97.3365758754864,514
2023-01-01,"Capital","Hip replacement",91.1866438356164,584
2023-04-01,"Capital","Hip replacement",94.2678936605317,489
2023-07-01,"Capital","Hip replacement",88.8875878220141,427
2023-10-01,"Capital","Hip replacement",80.3619047619048,525
2024-01-01,"Capital","Hip replacement",70.217803030303,528
2024-04-01,"Capital","Hip replacement",55.5566037735849,636
2024-07-01,"Capital","Hip replacement",49.8718535469108,437
2024-10-01,"Capital","Hip replacement",44.2020725388601,579
2025-01-01,"Capital","Hip replacement",42.9547511312217,663
2020-01-01,"Capital","Knee replacement",88.5475352112676,568
2020-04-01,"Capital","Knee replacement",118.272727272727,286
2020-07-01,"Capital","Knee replacement",116.771698113208,530
2020-10-01,"Capital","Knee replacement",102.572496263079,669
2021-01-01,"Capital","Knee replacement",107.157333333333,375
2021-04-01,"Capital","Knee replacement",93.6441605839416,548
2021-07-01,"Capital","Knee replacement",102.494047619048,168
2021-10-01,"Capital","Knee replacement",122.575757575758,363
2022-01-01,"Capital","Knee replacement",130.637051039698,529
2022-04-01,"Capital","Knee replacement",132.779151943463,566
2022-07-01,"Capital","Knee replacement",135.029702970297,404
2022-10-01,"Capital","Knee replacement",131.783450704225,568
2023-01-01,"Capital","Knee replacement",119.173419773096,617
2023-04-01,"Capital","Knee replacement",124.279932546374,593
2023-07-01,"Capital","Knee replacement",117.413502109705,474
2023-10-01,"Capital","Knee replacement",118.585144927536,552
2024-01-01,"Capital","Knee replacement",96.3976897689769,606
2024-04-01,"Capital","Knee replacement",81.7149187592319,677
2024-07-01,"Capital","Knee replacement",74.8011695906433,513
2024-10-01,"Capital","Knee replacement",68.6924265842349,647
2025-01-01,"Capital","Knee replacement",57.5342902711324,627
2020-01-01,"Capital","Meniscus",32.8857142857143,315
2020-04-01,"Capital","Meniscus",55.8456790123457,162
2020-07-01,"Capital","Meniscus",49.4624060150376,266
2020-10-01,"Capital","Meniscus",36.3959731543624,298
2021-01-01,"Capital","Meniscus",45.5222222222222,180
2021-04-01,"Capital","Meniscus",40.8269896193772,289
2021-07-01,"Capital","Meniscus",37.3963963963964,111
2021-10-01,"Capital","Meniscus",51.6915887850467,214
2022-01-01,"Capital","Meniscus",58.6370656370656,259
2022-04-01,"Capital","Meniscus",45.0277777777778,216
2022-07-01,"Capital","Meniscus",44.5904255319149,188
2022-10-01,"Capital","Meniscus",44.497461928934,197
2023-01-01,"Capital","Meniscus",39.2213740458015,262
2023-04-01,"Capital","Meniscus",40.2639593908629,197
2023-07-01,"Capital","Meniscus",44.820652173913,184
2023-10-01,"Capital","Meniscus",46.1833333333333,180
2024-01-01,"Capital","Meniscus",49.9411764705882,187
2024-04-01,"Capital","Meniscus",40.2984293193717,191
2024-07-01,"Capital","Meniscus",39.7222222222222,162
2024-10-01,"Capital","Meniscus",38.9102040816327,245
2025-01-01,"Capital","Meniscus",53.7663043478261,184
2020-01-01,"Central","Gallstones",24.5819672131148,122
2020-04-01,"Central","Gallstones",49.4672897196262,107
2020-07-01,"Central","Gallstones",40.237037037037,135
2020-10-01,"Central","Gallstones",30.0919540229885,174
2021-01-01,"Central","Gallstones",38.0980392156863,153
2021-04-01,"Central","Gallstones",34.8,160
2021-07-01,"Central","Gallstones",45.8829787234043,94
2021-10-01,"Central","Gallstones",44.6491228070175,114
2022-01-01,"Central","Gallstones",61.5411764705882,170
2022-04-01,"Central","Gallstones",60.4325842696629,178
2022-07-01,"Central","Gallstones",64.2272727272727,132
2022-10-01,"Central","Gallstones",61.4771241830065,153
2023-01-01,"Central","Gallstones",67.2524752475248,202
2023-04-01,"Central","Gallstones",56.2460732984293,191
2023-07-01,"Central","Gallstones",54.5459183673469,196
2023-10-01,"Central","Gallstones",54.9030837004405,227
2024-01-01,"Central","Gallstones",44.3520408163265,196
2024-04-01,"Central","Gallstones",47.0585585585586,222
2024-07-01,"Central","Gallstones",36.1160220994475,181
2024-10-01,"Central","Gallstones",41.7100591715976,169
2025-01-01,"Central","Gallstones",36.2597402597403,231
2020-01-01,"Central","Hernia",34.4448529411765,272
2020-04-01,"Central","Hernia",45.8866666666667,150
2020-07-01,"Central","Hernia",49.2126696832579,221
2020-10-01,"Central","Hernia",42.6631205673759,282
2021-01-01,"Central","Hernia",47.9205776173285,277
2021-04-01,"Central","Hernia",45.5889328063241,253
2021-07-01,"Central","Hernia",56.8347107438017,121
2021-10-01,"Central","Hernia",70.4450867052023,173
2022-01-01,"Central","Hernia",85.198738170347,317
2022-04-01,"Central","Hernia",71.6972789115646,294
2022-07-01,"Central","Hernia",78.5560165975104,241
2022-10-01,"Central","Hernia",67.9933774834437,302
2023-01-01,"Central","Hernia",74.1751824817518,411
2023-04-01,"Central","Hernia",68.801749271137,343
2023-07-01,"Central","Hernia",58.2440476190476,336
2023-10-01,"Central","Hernia",65.4756756756757,370
2024-01-01,"Central","Hernia",82.6589147286822,387
2024-04-01,"Central","Hernia",76.0831168831169,385
2024-07-01,"Central","Hernia",68.0618181818182,275
2024-10-01,"Central","Hernia",70.8376811594203,345
2025-01-01,"Central","Hernia",66.8140043763676,457
2020-01-01,"Central","Hip replacement",47.0563674321503,479
2020-04-01,"Central","Hip replacement",78.8006756756757,296
2020-07-01,"Central","Hip replacement",70.9902912621359,412
2020-10-01,"Central","Hip replacement",51.955,600
2021-01-01,"Central","Hip replacement",51.93147751606,467
2021-04-01,"Central","Hip replacement",50.3907056798623,581
2021-07-01,"Central","Hip replacement",54.6989795918367,196
2021-10-01,"Central","Hip replacement",61.9600997506234,401
2022-01-01,"Central","Hip replacement",88.7872340425532,517
2022-04-01,"Central","Hip replacement",79.6035031847134,628
2022-07-01,"Central","Hip replacement",83.1802721088435,588
2022-10-01,"Central","Hip replacement",75.2575039494471,633
2023-01-01,"Central","Hip replacement",64.9377652050919,707
2023-04-01,"Central","Hip replacement",60.7051282051282,702
2023-07-01,"Central","Hip replacement",57.6862416107383,596
2023-10-01,"Central","Hip replacement",58.5896656534954,658
2024-01-01,"Central","Hip replacement",58.0365682137834,711
2024-04-01,"Central","Hip replacement",42.1816901408451,710
2024-07-01,"Central","Hip replacement",45.4982394366197,568
2024-10-01,"Central","Hip replacement",39.309375,640
2025-01-01,"Central","Hip replacement",49.4673024523161,734
2020-01-01,"Central","Knee replacement",51.9299516908213,414
2020-04-01,"Central","Knee replacement",72.9595588235294,272
2020-07-01,"Central","Knee replacement",71.6534090909091,352
2020-10-01,"Central","Knee replacement",55.7946768060837,526
2021-01-01,"Central","Knee replacement",73.6188118811881,404
2021-04-01,"Central","Knee replacement",60.1348314606741,534
2021-07-01,"Central","Knee replacement",71.4275862068965,145
2021-10-01,"Central","Knee replacement",96.0609756097561,328
2022-01-01,"Central","Knee replacement",110.80686695279,466
2022-04-01,"Central","Knee replacement",112.211038961039,616
2022-07-01,"Central","Knee replacement",127.07240704501,511
2022-10-01,"Central","Knee replacement",115.925501432665,698
2023-01-01,"Central","Knee replacement",112.457692307692,780
2023-04-01,"Central","Knee replacement",94.2976190476191,672
2023-07-01,"Central","Knee replacement",87.7155797101449,552
2023-10-01,"Central","Knee replacement",83.925877763329,769
2024-01-01,"Central","Knee replacement",76.1056511056511,814
2024-04-01,"Central","Knee replacement",65.7077826725404,681
2024-07-01,"Central","Knee replacement",66.2017391304348,575
2024-10-01,"Central","Knee replacement",64.0822102425876,742
2025-01-01,"Central","Knee replacement",64.7259439707674,821
2020-01-01,"Central","Meniscus",39.9831932773109,119
2020-04-01,"Central","Meniscus",42.6530612244898,98
2020-07-01,"Central","Meniscus",52.0718562874251,167
2020-10-01,"Central","Meniscus",35.514450867052,173
2021-01-01,"Central","Meniscus",40.390625,192
2021-04-01,"Central","Meniscus",34.3229813664596,161
2021-07-01,"Central","Meniscus",37.7790697674419,86
2021-10-01,"Central","Meniscus",41.2044198895028,181
2022-01-01,"Central","Meniscus",53.2283105022831,219
2022-04-01,"Central","Meniscus",54.1153846153846,182
2022-07-01,"Central","Meniscus",68.8611111111111,144
2022-10-01,"Central","Meniscus",61.4646464646465,198
2023-01-01,"Central","Meniscus",60.1637010676156,281
2023-04-01,"Central","Meniscus",53.9333333333333,210
2023-07-01,"Central","Meniscus",58.7564102564103,156
2023-10-01,"Central","Meniscus",42.1168224299065,214
2024-01-01,"Central","Meniscus",47.6423076923077,260
2024-04-01,"Central","Meniscus",39.6244343891403,221
2024-07-01,"Central","Meniscus",44.1666666666667,204
2024-10-01,"Central","Meniscus",39.4466019417476,206
2025-01-01,"Central","Meniscus",45.0558139534884,215
2020-01-01,"East","Gallstones",46.8426966292135,89
2020-04-01,"East","Gallstones",35.9365079365079,63
2020-07-01,"East","Gallstones",53.6976744186046,86
2020-10-01,"East","Gallstones",46.8375,80
2021-01-01,"East","Gallstones",31.625,64
2021-04-01,"East","Gallstones",36.4736842105263,95
2021-07-01,"East","Gallstones",64.2794117647059,68
2021-10-01,"East","Gallstones",63.7906976744186,86
2022-01-01,"East","Gallstones",56.8301886792453,106
2022-04-01,"East","Gallstones",55.0676691729323,133
2022-07-01,"East","Gallstones",50.7647058823529,85
2022-10-01,"East","Gallstones",55.9012345679012,81
2023-01-01,"East","Gallstones",47.3069306930693,101
2023-04-01,"East","Gallstones",51.125,88
2023-07-01,"East","Gallstones",63.9342105263158,76
2023-10-01,"East","Gallstones",57.3716814159292,113
2024-01-01,"East","Gallstones",47.2612612612613,111
2024-04-01,"East","Gallstones",59.0490196078431,102
2024-07-01,"East","Gallstones",47.7096774193548,93
2024-10-01,"East","Gallstones",37.2461538461539,130
2025-01-01,"East","Gallstones",38.5705882352941,170
2020-01-01,"East","Hernia",51.2307692307692,247
2020-04-01,"East","Hernia",57.013986013986,143
2020-07-01,"East","Hernia",48.8405172413793,232
2020-10-01,"East","Hernia",54.6221198156682,217
2021-01-01,"East","Hernia",47.3877551020408,98
2021-04-01,"East","Hernia",45.2008368200837,239
2021-07-01,"East","Hernia",71.9379310344828,145
2021-10-01,"East","Hernia",58.7586206896552,203
2022-01-01,"East","Hernia",54.027397260274,219
2022-04-01,"East","Hernia",52.4015151515151,264
2022-07-01,"East","Hernia",63.3483146067416,178
2022-10-01,"East","Hernia",59.542735042735,234
2023-01-01,"East","Hernia",70.9139465875371,337
2023-04-01,"East","Hernia",59.0801526717557,262
2023-07-01,"East","Hernia",76.34,200
2023-10-01,"East","Hernia",83.5390625,256
2024-01-01,"East","Hernia",77.9377162629758,289
2024-04-01,"East","Hernia",63.4,210
2024-07-01,"East","Hernia",72.1538461538462,221
2024-10-01,"East","Hernia",72.1809210526316,304
2025-01-01,"East","Hernia",64.1020408163265,343
2020-01-01,"East","Hip replacement",68.4258760107817,371
2020-04-01,"East","Hip replacement",85.345,200
2020-07-01,"East","Hip replacement",97.9656084656085,378
2020-10-01,"East","Hip replacement",71.105504587156,436
2021-01-01,"East","Hip replacement",62.8819444444444,288
2021-04-01,"East","Hip replacement",47.6310160427808,374
2021-07-01,"East","Hip replacement",67.2357142857143,280
2021-10-01,"East","Hip replacement",64.3386454183267,251
2022-01-01,"East","Hip replacement",68.781862745098,408
2022-04-01,"East","Hip replacement",67.5745856353591,362
2022-07-01,"East","Hip replacement",55.542328042328,378
2022-10-01,"East","Hip replacement",55.2857142857143,469
2023-01-01,"East","Hip replacement",62.4934782608696,460
2023-04-01,"East","Hip replacement",57.7647058823529,408
2023-07-01,"East","Hip replacement",52.4092071611253,391
2023-10-01,"East","Hip replacement",44.5919811320755,424
2024-01-01,"East","Hip replacement",54.5546875,384
2024-04-01,"East","Hip replacement",55.250626566416,399
2024-07-01,"East","Hip replacement",49.737532808399,381
2024-10-01,"East","Hip replacement",46.5878378378378,444
2025-01-01,"East","Hip replacement",44.7142857142857,546
2020-01-01,"East","Knee replacement",73.3247058823529,425
2020-04-01,"East","Knee replacement",112.102941176471,204
2020-07-01,"East","Knee replacement",115.304455445545,404
2020-10-01,"East","Knee replacement",94.46875,512
2021-01-01,"East","Knee replacement",80.3515358361775,293
2021-04-01,"East","Knee replacement",62.6921241050119,419
2021-07-01,"East","Knee replacement",73.0769230769231,260
2021-10-01,"East","Knee replacement",70.4398907103825,366
2022-01-01,"East","Knee replacement",64.4146341463415,410
2022-04-01,"East","Knee replacement",70.8281622911694,419
2022-07-01,"East","Knee replacement",58.9885057471264,348
2022-10-01,"East","Knee replacement",64.4813953488372,430
2023-01-01,"East","Knee replacement",63.131679389313,524
2023-04-01,"East","Knee replacement",65.3163972286374,433
2023-07-01,"East","Knee replacement",59.0380952380952,420
2023-10-01,"East","Knee replacement",59.3667262969588,559
2024-01-01,"East","Knee replacement",54.5262172284644,534
2024-04-01,"East","Knee replacement",60.6565656565657,495
2024-07-01,"East","Knee replacement",53.8409586056645,459
2024-10-01,"East","Knee replacement",48.9093959731544,596
2025-01-01,"East","Knee replacement",39.7688679245283,636
2020-01-01,"East","Meniscus",31.5824175824176,91
2020-04-01,"East","Meniscus",32.0833333333333,60
2020-07-01,"East","Meniscus",50.2,75
2020-10-01,"East","Meniscus",38.6117647058824,85
2021-01-01,"East","Meniscus",42.6351351351351,74
2021-04-01,"East","Meniscus",35.3203883495146,103
2021-07-01,"East","Meniscus",34.21875,64
2021-10-01,"East","Meniscus",45.4166666666667,108
2022-01-01,"East","Meniscus",33.3229166666667,96
2022-04-01,"East","Meniscus",38.5212765957447,94
2022-07-01,"East","Meniscus",36.8089887640449,89
2022-10-01,"East","Meniscus",35.8131868131868,91
2023-01-01,"East","Meniscus",37.0265486725664,113
2023-04-01,"East","Meniscus",32.9139784946237,93
2023-07-01,"East","Meniscus",33.9,100
2023-10-01,"East","Meniscus",35.2745098039216,102
2024-01-01,"East","Meniscus",42.2391304347826,138
2024-04-01,"East","Meniscus",38.7777777777778,135
2024-07-01,"East","Meniscus",43.6476190476191,105
2024-10-01,"East","Meniscus",38.0564516129032,124
2025-01-01,"East","Meniscus",38.762962962963,135
2020-01-01,"North","Gallstones",34.8620689655172,58
2020-04-01,"North","Gallstones",24.7179487179487,39
2020-07-01,"North","Gallstones",20,44
2020-10-01,"North","Gallstones",18.1076923076923,65
2021-01-01,"North","Gallstones",28.2307692307692,65
2021-04-01,"North","Gallstones",18.3333333333333,45
2021-07-01,"North","Gallstones",23.972972972973,37
2021-10-01,"North","Gallstones",34.9545454545455,44
2022-01-01,"North","Gallstones",27.1428571428571,63
2022-04-01,"North","Gallstones",21.44,100
2022-07-01,"North","Gallstones",36.9189189189189,74
2022-10-01,"North","Gallstones",22.9404761904762,84
2023-01-01,"North","Gallstones",22.7256637168142,113
2023-04-01,"North","Gallstones",17.3522727272727,88
2023-07-01,"North","Gallstones",24.9615384615385,52
2023-10-01,"North","Gallstones",29.2906976744186,86
2024-01-01,"North","Gallstones",34.7352941176471,68
2024-04-01,"North","Gallstones",33.5252525252525,99
2024-07-01,"North","Gallstones",32.2592592592593,81
2024-10-01,"North","Gallstones",28.2571428571429,70
2025-01-01,"North","Gallstones",25.2191780821918,73
2020-01-01,"North","Hernia",43.4691358024691,81
2020-04-01,"North","Hernia",81.3414634146341,41
2020-07-01,"North","Hernia",61.90625,64
2020-10-01,"North","Hernia",34.608,125
2021-01-01,"North","Hernia",47.6543209876543,81
2021-04-01,"North","Hernia",43.0659340659341,91
2021-07-01,"North","Hernia",47.3921568627451,51
2021-10-01,"North","Hernia",44.0090909090909,110
2022-01-01,"North","Hernia",60.3829787234043,141
2022-04-01,"North","Hernia",49.1616161616162,198
2022-07-01,"North","Hernia",63.0569620253165,158
2022-10-01,"North","Hernia",53.1132075471698,159
2023-01-01,"North","Hernia",35.468253968254,252
2023-04-01,"North","Hernia",35.046052631579,152
2023-07-01,"North","Hernia",42.1428571428572,105
2023-10-01,"North","Hernia",38.8521739130435,115
2024-01-01,"North","Hernia",53.3833333333333,120
2024-04-01,"North","Hernia",49.4352941176471,170
2024-07-01,"North","Hernia",37.5954198473282,131
2024-10-01,"North","Hernia",38.2424242424242,198
2025-01-01,"North","Hernia",35.9426751592357,157
2020-01-01,"North","Hip replacement",41.478813559322,236
2020-04-01,"North","Hip replacement",65.4477611940299,201
2020-07-01,"North","Hip replacement",61.0901287553648,233
2020-10-01,"North","Hip replacement",37.3115384615385,260
2021-01-01,"North","Hip replacement",50.7345132743363,226
2021-04-01,"North","Hip replacement",45.5129151291513,271
2021-07-01,"North","Hip replacement",72.1351351351351,74
2021-10-01,"North","Hip replacement",71.2739726027397,146
2022-01-01,"North","Hip replacement",82.9523809523809,189
2022-04-01,"North","Hip replacement",93.6347826086957,230
2022-07-01,"North","Hip replacement",97.5720524017467,229
2022-10-01,"North","Hip replacement",76.3053097345133,226
2023-01-01,"North","Hip replacement",60.3020833333333,384
2023-04-01,"North","Hip replacement",45.2646048109966,291
2023-07-01,"North","Hip replacement",38.11,200
2023-10-01,"North","Hip replacement",56.0371900826446,242
2024-01-01,"North","Hip replacement",59.8862068965517,290
2024-04-01,"North","Hip replacement",54.1190476190476,294
2024-07-01,"North","Hip replacement",41.7510548523207,237
2024-10-01,"North","Hip replacement",40.1838709677419,310
2025-01-01,"North","Hip replacement",34.7670454545455,352
2020-01-01,"North","Knee replacement",53.6492890995261,211
2020-04-01,"North","Knee replacement",79.722972972973,148
2020-07-01,"North","Knee replacement",65.8917197452229,157
2020-10-01,"North","Knee replacement",69.7802197802198,182
2021-01-01,"North","Knee replacement",64.9365079365079,189
2021-04-01,"North","Knee replacement",61.0867924528302,265
2021-07-01,"North","Knee replacement",76.8181818181818,121
2021-10-01,"North","Knee replacement",68.9801324503311,151
2022-01-01,"North","Knee replacement",104.590909090909,176
2022-04-01,"North","Knee replacement",102.311688311688,231
2022-07-01,"North","Knee replacement",111.688524590164,183
2022-10-01,"North","Knee replacement",117.417293233083,266
2023-01-01,"North","Knee replacement",99.7877906976744,344
2023-04-01,"North","Knee replacement",92.7931034482759,319
2023-07-01,"North","Knee replacement",95.4393939393939,198
2023-10-01,"North","Knee replacement",83.9452054794521,292
2024-01-01,"North","Knee replacement",89.9279279279279,333
2024-04-01,"North","Knee replacement",67.2316384180791,354
2024-07-01,"North","Knee replacement",45.551724137931,232
2024-10-01,"North","Knee replacement",46.3067729083665,251
2025-01-01,"North","Knee replacement",47.3732590529248,359
2020-01-01,"North","Meniscus",29.5666666666667,30
2020-04-01,"North","Meniscus",34.9473684210526,19
2020-07-01,"North","Meniscus",43.7567567567568,37
2020-10-01,"North","Meniscus",43.25,36
2021-01-01,"North","Meniscus",29.7297297297297,37
2021-04-01,"North","Meniscus",30.8484848484848,66
2021-07-01,"North","Meniscus",37.38,50
2021-10-01,"North","Meniscus",43.0487804878049,41
2022-01-01,"North","Meniscus",37.2222222222222,63
2022-04-01,"North","Meniscus",27.1544715447154,123
2022-07-01,"North","Meniscus",27.6896551724138,87
2022-10-01,"North","Meniscus",33.4873949579832,119
2023-01-01,"North","Meniscus",25.875,152
2023-04-01,"North","Meniscus",25.0984848484849,132
2023-07-01,"North","Meniscus",27.0365853658537,82
2023-10-01,"North","Meniscus",32.9152542372881,118
2024-01-01,"North","Meniscus",35.921052631579,114
2024-04-01,"North","Meniscus",39.212962962963,108
2024-07-01,"North","Meniscus",33.0888888888889,90
2024-10-01,"North","Meniscus",38.1269841269841,126
2025-01-01,"North","Meniscus",36.4802631578947,152
2020-01-01,"South","Gallstones",48.9553571428572,112
2020-04-01,"South","Gallstones",50.5172413793103,87
2020-07-01,"South","Gallstones",55.9607843137255,102
2020-10-01,"South","Gallstones",56.8484848484849,99
2021-01-01,"South","Gallstones",50.6052631578947,114
2021-04-01,"South","Gallstones",56.0178571428572,112
2021-07-01,"South","Gallstones",60.6547619047619,84
2021-10-01,"South","Gallstones",55.1282051282051,78
2022-01-01,"South","Gallstones",65.3604651162791,86
2022-04-01,"South","Gallstones",75.7295081967213,122
2022-07-01,"South","Gallstones",66.68,100
2022-10-01,"South","Gallstones",61.9426751592357,157
2023-01-01,"South","Gallstones",61.4538461538462,130
2023-04-01,"South","Gallstones",60.7546012269939,163
2023-07-01,"South","Gallstones",65.064,125
2023-10-01,"South","Gallstones",51.8427672955975,159
2024-01-01,"South","Gallstones",47.2934131736527,167
2024-04-01,"South","Gallstones",44.0424242424242,165
2024-07-01,"South","Gallstones",49.1016949152542,118
2024-10-01,"South","Gallstones",50.4855072463768,138
2025-01-01,"South","Gallstones",36.1733333333333,150
2020-01-01,"South","Hernia",58.3680981595092,163
2020-04-01,"South","Hernia",79.5656565656566,99
2020-07-01,"South","Hernia",75.7894736842105,133
2020-10-01,"South","Hernia",60.4393939393939,132
2021-01-01,"South","Hernia",72.0283018867924,106
2021-04-01,"South","Hernia",76.7407407407407,135
2021-07-01,"South","Hernia",71.5060240963855,83
2021-10-01,"South","Hernia",65.2970297029703,101
2022-01-01,"South","Hernia",86.9263157894737,95
2022-04-01,"South","Hernia",92.3892617449664,149
2022-07-01,"South","Hernia",77.6854838709677,124
2022-10-01,"South","Hernia",82.3538461538461,195
2023-01-01,"South","Hernia",98.1041666666667,288
2023-04-01,"South","Hernia",100.812,250
2023-07-01,"South","Hernia",86.51269035533,197
2023-10-01,"South","Hernia",95.6968503937008,254
2024-01-01,"South","Hernia",81.8393442622951,305
2024-04-01,"South","Hernia",88.511811023622,254
2024-07-01,"South","Hernia",110.950310559006,161
2024-10-01,"South","Hernia",102.586021505376,186
2025-01-01,"South","Hernia",92.198275862069,232
2020-01-01,"South","Hip replacement",58.7074340527578,417
2020-04-01,"South","Hip replacement",74.7591623036649,382
2020-07-01,"South","Hip replacement",68.3326488706365,487
2020-10-01,"South","Hip replacement",64.841918294849,563
2021-01-01,"South","Hip replacement",74.4690082644628,484
2021-04-01,"South","Hip replacement",65.2618181818182,550
2021-07-01,"South","Hip replacement",74.098976109215,293
2021-10-01,"South","Hip replacement",72.4976525821596,426
2022-01-01,"South","Hip replacement",83.5754310344828,464
2022-04-01,"South","Hip replacement",86.8773946360153,522
2022-07-01,"South","Hip replacement",100.137996219282,529
2022-10-01,"South","Hip replacement",78.8125,608
2023-01-01,"South","Hip replacement",81.3863636363636,704
2023-04-01,"South","Hip replacement",67.027027027027,666
2023-07-01,"South","Hip replacement",72.1425855513308,526
2023-10-01,"South","Hip replacement",81.5609318996416,558
2024-01-01,"South","Hip replacement",86.9618181818182,550
2024-04-01,"South","Hip replacement",78.9773462783172,618
2024-07-01,"South","Hip replacement",81.2302405498282,582
2024-10-01,"South","Hip replacement",67.0260989010989,728
2025-01-01,"South","Hip replacement",59.8246318607764,747
2020-01-01,"South","Knee replacement",69.0986666666667,375
2020-04-01,"South","Knee replacement",98.9367681498829,427
2020-07-01,"South","Knee replacement",82.585313174946,463
2020-10-01,"South","Knee replacement",75.15625,608
2021-01-01,"South","Knee replacement",83.0766423357664,548
2021-04-01,"South","Knee replacement",75.5140032948929,607
2021-07-01,"South","Knee replacement",101.189090909091,275
2021-10-01,"South","Knee replacement",88.448132780083,482
2022-01-01,"South","Knee replacement",90.9074492099323,443
2022-04-01,"South","Knee replacement",102.926369863014,584
2022-07-01,"South","Knee replacement",106.816161616162,495
2022-10-01,"South","Knee replacement",94.0943708609272,604
2023-01-01,"South","Knee replacement",78.255376344086,744
2023-04-01,"South","Knee replacement",81.181338028169,568
2023-07-01,"South","Knee replacement",89.4235976789168,517
2023-10-01,"South","Knee replacement",97.1878009630819,623
2024-01-01,"South","Knee replacement",100.794076163611,709
2024-04-01,"South","Knee replacement",98.6286509040334,719
2024-07-01,"South","Knee replacement",93.7484076433121,628
2024-10-01,"South","Knee replacement",80.4793388429752,726
2025-01-01,"South","Knee replacement",80.9106666666667,750
2020-01-01,"South","Meniscus",37.4655172413793,116
2020-04-01,"South","Meniscus",41.9380530973451,113
2020-07-01,"South","Meniscus",35.8509316770186,161
2020-10-01,"South","Meniscus",39.6174496644295,149
2021-01-01,"South","Meniscus",41.8641975308642,162
2021-04-01,"South","Meniscus",33.8768115942029,138
2021-07-01,"South","Meniscus",41.6746987951807,83
2021-10-01,"South","Meniscus",41.6231884057971,138
2022-01-01,"South","Meniscus",54.8991596638655,119
2022-04-01,"South","Meniscus",46.9357142857143,140
2022-07-01,"South","Meniscus",42.5163934426229,122
2022-10-01,"South","Meniscus",41.8,145
2023-01-01,"South","Meniscus",39.5235294117647,170
2023-04-01,"South","Meniscus",37.8943661971831,142
2023-07-01,"South","Meniscus",42.2280701754386,114
2023-10-01,"South","Meniscus",46.9171974522293,157
2024-01-01,"South","Meniscus",48.7861635220126,159
2024-04-01,"South","Meniscus",37.7375,160
2024-07-01,"South","Meniscus",35.8840579710145,138
2024-10-01,"South","Meniscus",41.8936170212766,188
2025-01-01,"South","Meniscus",40.3457446808511,188
